<?xml version="1.0" encoding="UTF-8" standalone="yes"?>
<Module id="${project.name}" class="org.distiller.mda.impl.DistillerMdaModule" binaryversion="3.8.00" version="${project.version}" schema-level="2" uid="68617b3b-e1dd-4a2c-9715-0b6b6203d79b">
    <ClassPath>
        <PathEntry path="lib/${project.artifactId}-${project.version}.jar"/>
        <PathEntry path="lib/commons-lang3-3.1.jar"/>
        <PathEntry path="lib/Tools-3.8.0.jar"/>
    </ClassPath>
    <Profiles>
        <Profile uid="f4a7e31f-9d11-4028-8e55-da6622e6051e" id="DataDomainProfile">
            <Stereotype name="DomainMapSt" metaclass="Package" is-hidden="false" label="%DomainMap" uid="bffc621c-8003-48fd-b54f-fbdc2fcce41a">
                <Icon path="res/icons/DomainMap16.png"/>
                <Image path="res/icons/DomainMap48.png"/>
            </Stereotype>
            <Stereotype name="DataDomainSt" metaclass="Component" is-hidden="false" label="%DataDomain" uid="dae1a793-ff09-4f7a-aa00-7ab8b3b186e1">
                <Icon path="res/icons/DataDomain16.png"/>
                <Image path="res/icons/DataDomain48.png"/>
                <TagTypes>
                    <TagType name="DataDomainSt_DirectoryTag" uid="f2e09d80-2418-4b20-8795-127c3c7eecde" label="%DataDomain.directory" parameter-card="1" is-hidden="false" is-signed="false"/>
                </TagTypes>
            </Stereotype>
            <Stereotype name="IndependantModelSt" metaclass="Package" is-hidden="false" label="IndependantModelSt" uid="d6235334-38f5-4e93-887d-4a173f32d56a"/>
            <Stereotype name="EntitySt" metaclass="Class" is-hidden="false" label="%EntitySt" uid="12f35e04-9a0c-47f3-95ff-010ffa826c35">
                <Icon path="res/icons/Entity16.png"/>
                <Image path="res/icons/Entity48.png"/>
            </Stereotype>
            <Stereotype name="StructureSt" metaclass="Component" is-hidden="false" label="%StructureSt" uid="c25698ad-e75a-42a0-a965-bb2bdac3c85a"/>
            <Stereotype name="EventDependencySt" metaclass="Dependency" is-hidden="false" label="%EventDependency" uid="3420aa43-8eee-4cd0-ade4-1c5bbd016f07"/>
            <Stereotype name="DataDomain_ModelDiagramSt" metaclass="ClassDiagram" is-hidden="false" label="%DataDomain_ModelDiagramSt" uid="2e4f03f4-edf6-48a4-a39d-95fbff80a055">
                <Icon path="res/icons/DistillerMda.png"/>
                <Image path="res/icons/DistillerMda.png"/>
            </Stereotype>
        </Profile>
        <Profile uid="cac7eb2b-410e-44df-9950-1f510240a8e5" id="DalProfile">
            <Stereotype name="JavaEntityPackSt" metaclass="Package" is-hidden="false" label="%JavaEntityPackSt" uid="c7ba8a20-0042-4323-8c84-7d91609f52a3"/>
            <Stereotype name="JavaEntitySt" metaclass="Class" is-hidden="false" label="%JavaEntitySt" uid="31f6ebcd-b250-4a1c-977e-7af15c72a7d9"/>
            <Stereotype name="JavaAttributeSt" metaclass="Attribute" is-hidden="false" label="%JavaAttributeSt" uid="28f55965-d911-4a5b-b6f7-aff5cbf9b965"/>
            <Stereotype name="JavaAssociationEndSt" metaclass="AssociationEnd" is-hidden="false" label="%JavaAssociationEndSt" uid="2df14aba-2ff3-4dda-a598-c5484f277461"/>
            <Stereotype name="IRepositoryPackageSt" metaclass="Package" is-hidden="false" label="%IRepositoryPackageSt" uid="8df189ed-5912-4339-9c03-2cd96c2a1e9d"/>
            <Stereotype name="IRepositorySt" metaclass="Interface" is-hidden="false" label="%IRepositorySt" uid="981cf41d-e36d-4956-a39b-8878e5f10b42"/>
            <Stereotype name="IRepositoryBuilderSt" metaclass="Interface" is-hidden="false" label="%IRepositoryBuilderSt" uid="0c5b1e83-adcd-4dea-b8ea-d9939b5936f9"/>
            <Stereotype name="RepositoryBuilderSt" metaclass="Class" is-hidden="false" label="%RepositoryBuilderSt" uid="1e230f27-ad26-486d-b97a-bd3bcd2355e2"/>
            <Stereotype name="RepositoryImplPrjSt" metaclass="Component" is-hidden="false" label="%RepositoryImplPrjSt" uid="c362316a-040d-4943-ade0-53e58fd0c654"/>
            <Stereotype name="RepositoryImplPackageSt" metaclass="Package" is-hidden="false" label="%RepositoryImplPackageSt" uid="ca0647da-0e6a-4421-8006-ae7dfbc74a85"/>
            <Stereotype name="RepositoryImplSt" metaclass="Class" is-hidden="false" label="%RepositoryImplSt" uid="92597489-5752-4399-bd22-0e99e6bab254"/>
        </Profile>
        <Profile uid="7c26afb2-d7ac-4445-ab07-ffd35c1d107f" id="ServiceProfile">
            <Stereotype name="ServiceDTOPackageSt" metaclass="Package" is-hidden="false" label="%ServiceDTOPackageSt" uid="cebc362e-35fe-4498-8337-5802028610ac"/>
            <Stereotype name="ServiceInterfacePackageSt" metaclass="Package" is-hidden="false" label="%ServiceInterfacePackageSt" uid="32e8cfb0-ff43-4245-9ffb-e34525f6e960"/>
            <Stereotype name="ServiceTransformerPackageSt" metaclass="Package" is-hidden="false" label="%ServiceTransformerPackageSt" uid="91d910fd-2a1a-452e-bd97-8bc3e0e3e0fa"/>
            <Stereotype name="DtoSt" metaclass="Class" is-hidden="false" label="%DtoSt" uid="fcb32733-e280-4e17-8da1-7e20c7d9af38">
                <TagTypes>
                    <TagType name="DtoSt_DtoGuidTag" uid="756cf841-3c62-4da0-bbcd-a835218f224a" label="%DtoSt_DtoGuidTag" parameter-card="1" is-hidden="false" is-signed="false"/>
                </TagTypes>
            </Stereotype>
            <Stereotype name="DtoAgregateSt" metaclass="Class" is-hidden="false" label="%DtoAgregateSt" uid="9ec94fe9-c1c3-4f0a-aa2d-5ca78d0f7a6d"/>
            <Stereotype name="DtoHeaderSt" metaclass="Class" is-hidden="false" label="%DtoHeaderSt" uid="108c5178-c325-4216-9023-e7d35b8e18cc"/>
            <Stereotype name="DtoAttributeSt" metaclass="Attribute" is-hidden="false" label="%DtoAttributeSt" uid="6a782878-2692-452c-a499-99c908198570"/>
            <Stereotype name="DtoAssociationEndSt" metaclass="AssociationEnd" is-hidden="false" label="%DtoAssociationEndSt" uid="e6f2c3dd-bd15-447e-8e4a-1cfcb223eef0"/>
            <Stereotype name="EntityNotFoundExceptionSt" metaclass="Class" is-hidden="false" label="%EntityNotFoundExceptionSt" uid="02473c28-98da-472a-802d-de7ad496eb98"/>
            <Stereotype name="InvalidEntityExceptionSt" metaclass="Class" is-hidden="false" label="%InvalidEntityExceptionSt" uid="f84f88ef-5bf9-4e89-b0f5-4841d34bba25"/>
            <Stereotype name="IEntityServiceSt" metaclass="Interface" is-hidden="false" label="%IEntityServiceSt" uid="8c1bc5e3-cbe7-4ca7-b718-de9b007ac884"/>
            <Stereotype name="DeeperTransformerSt" metaclass="Class" is-hidden="false" label="%DeeperTransformerSt" uid="213ffab2-967c-4ce2-971f-dc769cfbbcee"/>
            <Stereotype name="HeaderTransformerSt" metaclass="Class" is-hidden="false" label="%DeeperTransformerSt" uid="0ee83a81-cb76-4a7d-bb38-2fae877d434f"/>
            <Stereotype name="ServiceImplPrjSt" metaclass="Component" is-hidden="false" label="%ServiceImplPrjSt" uid="76b1b379-03a1-4e82-a469-7bea2ab37153"/>
            <Stereotype name="ServiceImplPackSt" metaclass="Package" is-hidden="false" label="%ServiceImplPackSt" uid="5e734507-74ec-4ae4-a353-51e8c4167571"/>
            <Stereotype name="ServiceImplSt" metaclass="Class" is-hidden="false" label="%ServiceImplSt" uid="8e90f643-0b39-42bb-8546-dd2806d45c70"/>
        </Profile>
    </Profiles>
    <Gui>
        <Commands>
            <Command id="CreateDomainMap" label="%DomainMap.create" tooltip="%DomainMap.create" image="res/icons/DomainMap16.png" modify-model="true">
                <Scope metaclass="Namespace"/>
                <Handler class="org.distiller.mda.features.domainemap.CreateCommand"/>
            </Command>
            <Command id="CreateDataDomain" label="%DataDomain.create" tooltip="%DataDomain.create" image="res/icons/DataDomain16.png" modify-model="true">
                <Scope metaclass="Namespace"/>
                <Handler class="org.distiller.mda.features.datadomain.CreateDataDomainCommand"/>
            </Command>
            <Command id="UpdateGeneratePath" label="%DataDomain.updateGeneratePath" tooltip="%DataDomain.updateGeneratePath" modify-model="true">
                <Scope metaclass="Namespace"/>
                <Handler class="org.distiller.mda.features.datadomain.UpdateGeneratePathCommand"/>
            </Command>
            <Command id="CreateDataDomain_ModelDiagram" label="%CreateDataDomain_ModelDiagram" tooltip="%CreateDataDomain_ModelDiagram" image="res/icons/DistillerMda.png" group="" modify-model="true" group-image="">
                <Scope metaclass="ModelTree" stereotype="DataDomain_IndependantModel"/>
                <Handler class="org.distiller.mda.features.independantmodel.CreateDiagramCommand"/>
            </Command>
            <Command id="CreateJavaModel" label="%CreateJavaModel" tooltip="%CreateJavaModel" image="res/icons/JavaModel16.png" group="" modify-model="true" group-image="">
                <Handler class="org.distiller.mda.features.javamodel.CreateCommand"/>
            </Command>
            <Command id="CreateService" label="%CreateService" tooltip="%CreateService" image="res/icons/Service16.png" group="" modify-model="true" group-image="">
                <Handler class="org.distiller.mda.features.service.CreateServiceCommand"/>
            </Command>
            <Command id="GeneratePom" label="%GeneratePom" tooltip="%GeneratePom" group="" modify-model="false" group-image="">
                <Handler class="org.distiller.mda.features.datadomain.GeneratePomCommand"/>
            </Command>
        </Commands>
        <Tools>
            <Tool id="CreateEntity" label="%DataDoamin_CreateEntity" tooltip="%DataDoamin_CreateEntity" image="res/icons/Entity16.png">
                <Scope-source metaclass="ModelTree"/>
                <Handler class="org.distiller.mda.features.independantmodel.CreateEntityTool">
                    <HParameter name="name" value="Entity"/>
                    <HParameter name="metaclass" value="Class"/>
                    <HParameter name="stereotype" value="JavaEntitySt"/>
                </Handler>
            </Tool>
            <Tool id="CreateOneToManyLink" label="%DataDoamin_CreateOneToManyLink" tooltip="%DataDoamin_CreateOneToManyLink" image="res/icons/One2Many32.png">
                <Handler class="org.distiller.mda.features.independantmodel.CreateOneToManyTool">
                    <HParameter name="metaclass" value="AssociationEnd"/>
                </Handler>
            </Tool>
            <Tool id="CreateOneToOneLink" label="%DataDoamin_CreateOneToOneLink" tooltip="%DataDoamin_CreateOneToOneLink" image="res/icons/One2One32.png">
                <Handler class="org.distiller.mda.features.independantmodel.CreateOneToOneTool">
                    <HParameter name="metaclass" value="AssociationEnd"/>
                </Handler>
            </Tool>
            <Tool id="CreateManyToOneLink" label="%DataDoamin_CreateManyToOneLink" tooltip="%DataDoamin_CreateManyToOneLink" image="res/icons/Many2One32.png">
                <Handler class="org.distiller.mda.features.independantmodel.CreateManyToOneTool">
                    <HParameter name="metaclass" value="AssociationEnd"/>
                </Handler>
            </Tool>
            <Tool id="CreateManyToManyLink" label="%DataDoamin_CreateManyToManyLink" tooltip="%DataDoamin_CreateManyToManyLinkk" image="res/icons/Many2Many32.png">
                <Handler class="org.distiller.mda.features.independantmodel.CreateManyToManyTool">
                    <HParameter name="metaclass" value="AssociationEnd"/>
                </Handler>
            </Tool>
        </Tools>
        <ContextualMenu>
            <CommandRef refid="CreateDomainMap"/>
            <CommandRef refid="CreateDataDomain"/>
            <CommandRef refid="UpdateGeneratePath"/>
            <CommandRef refid="CreateDataDomain_ModelDiagram"/>
            <CommandRef refid="CreateJavaModel"/>
            <CommandRef refid="CreateService"/>
            <CommandRef refid="GeneratePom"/>
        </ContextualMenu>
        <Diagrams>
            <DiagramType base-diagram="ClassDiagram" stereotype="DataDomain_ModelDiagramSt">
                <Palette keepBasePalette="false">
                    <ToolRef refid="CreateEntity" group=""/>
                    <ToolRef refid="CreateOneToOneLink" group=""/>
                    <ToolRef refid="CreateOneToManyLink" group=""/>
                    <ToolRef refid="CreateManyToOneLink" group=""/>
                    <ToolRef refid="CreateManyToManyLink" group=""/>
                </Palette>
                <Handler class="StandardCustomizer"/>
            </DiagramType>
        </Diagrams>
        <Views>
            <PropertyPage class="org.distiller.mda.impl.PropertyPage" label="%Distiller" image="res/icons/DistillerMda.png">
                <CommandRef refid="UpdateGeneratePath"/>
            </PropertyPage>
        </Views>
    </Gui>
    <Dependencies>
        <Required name="ModelerModule" version="9.0.06"/>
        <Required name="JavaDesigner" version="3.8.01"/>
    </Dependencies>
</Module>
