<?xml version="1.0" ?>
<ram-component manifest-version="2.0.02" name="dotnet.core" version="0" release="1" clevel="1" modelioVersion="3.7.01" provider="">
  <description><![CDATA[]]></description>
  <dependencies></dependencies>
  <contributors></contributors>
  <metamodels>
    <metamodel name="Infrastructure" version="2.1.00"/>
    <metamodel name="Standard" version="2.2.01"/>
  </metamodels>
  <roots>
    <root metaclass="Standard.Project" name="dotnet.core" uuid="81352c04-0086-47fa-812b-3cb1d469c39c"/>
  </roots>
</ram-component>