<project xmlns="http://maven.apache.org/POM/4.0.0"
	xmlns:xsi="http://www.w3.org/2001/XMLSchema-instance"
	xsi:schemaLocation="http://maven.apache.org/POM/4.0.0 http://maven.apache.org/xsd/maven-4.0.0.xsd">
	<modelVersion>4.0.0</modelVersion>
	<groupId>com.levore.@@dataDomain</groupId>
	<artifactId>com.levore.@@dataDomain.servicesimpl</artifactId>
	<version>0.0.1-SNAPSHOT</version>
	<name>com.levore.@@dataDomain.servicesimpl</name>
	<properties>
		<org.springframework.version>3.0.4.RELEASE</org.springframework.version>
	</properties>

	<dependencies>
		<dependency>
			<groupId>org.springframework</groupId>
			<artifactId>spring-core</artifactId>
			<version>${org.springframework.version}</version>
		</dependency>

		<!-- https://mvnrepository.com/artifact/org.hibernate/hibernate-entitymanager -->
		<dependency>
			<groupId>org.hibernate</groupId>
			<artifactId>hibernate-entitymanager</artifactId>
			<version>5.4.1.Final</version>
		</dependency>

		<!-- https://mvnrepository.com/artifact/org.slf4j/slf4j-api -->
		<dependency>
			<groupId>org.slf4j</groupId>
			<artifactId>slf4j-api</artifactId>
			<version>1.7.26</version>
		</dependency>

		<dependency>
			<groupId>com.levore.@@dataDomain</groupId>
			<artifactId>com.levore.@@dataDomain.structure</artifactId>
			<version>0.0.1-SNAPSHOT</version>
		</dependency>

	</dependencies>
	
	<build>
		<plugins>
			<plugin>
				<artifactId>maven-compiler-plugin</artifactId>
				<version>3.8.0</version>
				<configuration>
					<source>1.8</source>
					<target>1.8</target>
				</configuration>
			</plugin>
		</plugins>
	</build>
</project>