<project xmlns="http://maven.apache.org/POM/4.0.0"
	xmlns:xsi="http://www.w3.org/2001/XMLSchema-instance"
	xsi:schemaLocation="http://maven.apache.org/POM/4.0.0 http://maven.apache.org/xsd/maven-4.0.0.xsd">
	<modelVersion>4.0.0</modelVersion>
	<groupId>com.levore.@@datadomain</groupId>
	<artifactId>com.levore.@@datadomain.structure</artifactId>
	<version>0.0.1-SNAPSHOT</version>

	<dependencies>


		<!-- https://mvnrepository.com/artifact/org.hibernate/hibernate-entitymanager -->
		<dependency>
			<groupId>org.hibernate</groupId>
			<artifactId>hibernate-entitymanager</artifactId>
			<version>5.4.1.Final</version>
		</dependency>
		<dependency>
			<groupId>com.levore.gnl</groupId>
			<artifactId>com.levore.gnl</artifactId>
			<version>1.0.0</version>
		</dependency>
	</dependencies>
	<build>
		<plugins>
			<plugin>
				<artifactId>maven-compiler-plugin</artifactId>
				<version>3.8.0</version>
				<configuration>
					<source>1.8</source>
					<target>1.8</target>
				</configuration>
			</plugin>
		</plugins>
	</build>
</project>