<?xml version="1.0" ?>
<ram-component manifest-version="2.0.02" name="MicroserviceDotnetCore" version="0" release="0" clevel="0" modelioVersion="3.7.01" provider="">
  <description><![CDATA[]]></description>
  <dependencies></dependencies>
  <contributors></contributors>
  <metamodels>
    <metamodel name="Infrastructure" version="2.1.00"/>
  </metamodels>
  <roots>
    <root metaclass="Infrastructure.ModuleComponent" name="MicroserviceDotnetCore" uuid="7c295a62-1a74-4c10-a0ca-6e66f158052b"/>
  </roots>
</ram-component>